<?xml version="1.0" encoding="UTF-8"?>
<HealthData locale="fr_FR">
  <ExportDate value="2024-01-15 10:30:00 +0100"/>
  <Me HKCharacteristicTypeIdentifierDateOfBirth="1987-01-01" HKCharacteristicTypeIdentifierSex="HKBiologicalSexMale"/>

  <!-- Exemple d'entraînement de course -->
  <Workout workoutActivityType="HKWorkoutActivityTypeRunning"
           duration="32.5"
           durationUnit="min"
           totalDistance="5.2"
           totalDistanceUnit="km"
           totalEnergyBurned="285"
           totalEnergyBurnedUnit="kcal"
           sourceName="Apple Watch Ultra"
           sourceVersion="10.2.1"
           device="&lt;&lt;HKDevice: Apple Watch Ultra&gt;&gt;"
           creationDate="2024-01-15 08:45:23 +0100"
           startDate="2024-01-15 08:00:00 +0100"
           endDate="2024-01-15 08:32:30 +0100">
    <WorkoutEvent type="HKWorkoutEventTypePause" date="2024-01-15 08:15:30 +0100"/>
    <WorkoutEvent type="HKWorkoutEventTypeResume" date="2024-01-15 08:16:00 +0100"/>
    <MetadataEntry key="HKMetadataKeyWeatherCondition" value="HKWeatherConditionClear"/>
    <MetadataEntry key="HKMetadataKeyWeatherTemperature" value="12 °C"/>
    <MetadataEntry key="HKMetadataKeyWeatherHumidity" value="65 %"/>
    <MetadataEntry key="HKQuantityTypeIdentifierStepCount" value="6240"/>
    <MetadataEntry key="HKQuantityTypeIdentifierRunningPower" value="245 watts"/>
    <MetadataEntry key="HKQuantityTypeIdentifierRunningStrideLength" value="1.32 m"/>
  </Workout>

  <!-- Exemple d'entraînement de marche -->
  <Workout workoutActivityType="HKWorkoutActivityTypeWalking"
           duration="45.0"
           durationUnit="min"
           totalDistance="3.8"
           totalDistanceUnit="km"
           totalEnergyBurned="185"
           totalEnergyBurnedUnit="kcal"
           sourceName="Apple Watch"
           sourceVersion="10.2"
           device="&lt;&lt;HKDevice: 0x987654321&gt;&gt;"
           creationDate="2024-01-14 19:15:12 +0100"
           startDate="2024-01-14 18:30:00 +0100"
           endDate="2024-01-14 19:15:00 +0100">
    <MetadataEntry key="HKMetadataKeyWeatherCondition" value="HKWeatherConditionRain"/>
  </Workout>

  <!-- Exemple d'entraînement de vélo (sera ignoré par le parser) -->
  <Workout workoutActivityType="HKWorkoutActivityTypeCycling"
           duration="60.0"
           durationUnit="min"
           totalDistance="15.5"
           totalDistanceUnit="km"
           totalEnergyBurned="425"
           totalEnergyBurnedUnit="kcal"
           sourceName="iPhone de Christophe"
           creationDate="2024-01-13 16:30:45 +0100"
           startDate="2024-01-13 15:30:00 +0100"
           endDate="2024-01-13 16:30:00 +0100"/>

  <!-- Exemple d'autre course -->
  <Workout workoutActivityType="HKWorkoutActivityTypeRunning"
           duration="28.2"
           durationUnit="min"
           totalDistance="4.8"
           totalDistanceUnit="km"
           totalEnergyBurned="265"
           totalEnergyBurnedUnit="kcal"
           sourceName="Strava"
           sourceVersion="285.0"
           creationDate="2024-01-12 07:45:30 +0100"
           startDate="2024-01-12 07:15:00 +0100"
           endDate="2024-01-12 07:43:12 +0100">
    <MetadataEntry key="HKMetadataKeyWeatherCondition" value="HKWeatherConditionRain"/>
    <MetadataEntry key="HKMetadataKeyWeatherTemperature" value="8 °C"/>
    <MetadataEntry key="HKMetadataKeyWeatherHumidity" value="85 %"/>
    <MetadataEntry key="HKQuantityTypeIdentifierStepCount" value="5400"/>
    <MetadataEntry key="HKQuantityTypeIdentifierRunningPower" value="268 watts"/>
  </Workout>

  <!-- Données de fréquence cardiaque pendant le premier workout (08:00-08:32) -->
  <Record type="HKQuantityTypeIdentifierHeartRate" sourceName="Apple Watch" unit="count/min"
          creationDate="2024-01-15 08:05:00 +0100"
          startDate="2024-01-15 08:05:00 +0100"
          endDate="2024-01-15 08:05:00 +0100"
          value="145"/>

  <Record type="HKQuantityTypeIdentifierHeartRate" sourceName="Apple Watch" unit="count/min"
          creationDate="2024-01-15 08:10:00 +0100"
          startDate="2024-01-15 08:10:00 +0100"
          endDate="2024-01-15 08:10:00 +0100"
          value="152"/>

  <Record type="HKQuantityTypeIdentifierHeartRate" sourceName="Apple Watch" unit="count/min"
          creationDate="2024-01-15 08:20:00 +0100"
          startDate="2024-01-15 08:20:00 +0100"
          endDate="2024-01-15 08:20:00 +0100"
          value="158"/>

  <Record type="HKQuantityTypeIdentifierHeartRate" sourceName="Apple Watch" unit="count/min"
          creationDate="2024-01-15 08:30:00 +0100"
          startDate="2024-01-15 08:30:00 +0100"
          endDate="2024-01-15 08:30:00 +0100"
          value="148"/>

  <!-- Données de fréquence cardiaque pendant le deuxième workout (18:30-19:15) -->
  <Record type="HKQuantityTypeIdentifierHeartRate" sourceName="Apple Watch" unit="count/min"
          creationDate="2024-01-14 18:35:00 +0100"
          startDate="2024-01-14 18:35:00 +0100"
          endDate="2024-01-14 18:35:00 +0100"
          value="125"/>

  <Record type="HKQuantityTypeIdentifierHeartRate" sourceName="Apple Watch" unit="count/min"
          creationDate="2024-01-14 19:00:00 +0100"
          startDate="2024-01-14 19:00:00 +0100"
          endDate="2024-01-14 19:00:00 +0100"
          value="132"/>

  <!-- Données de fréquence cardiaque pendant le troisième workout (07:15-07:43) -->
  <Record type="HKQuantityTypeIdentifierHeartRate" sourceName="Apple Watch" unit="count/min"
          creationDate="2024-01-12 07:20:00 +0100"
          startDate="2024-01-12 07:20:00 +0100"
          endDate="2024-01-12 07:20:00 +0100"
          value="155"/>

  <Record type="HKQuantityTypeIdentifierHeartRate" sourceName="Apple Watch" unit="count/min"
          creationDate="2024-01-12 07:35:00 +0100"
          startDate="2024-01-12 07:35:00 +0100"
          endDate="2024-01-12 07:35:00 +0100"
          value="162"/>

</HealthData>